age;job;marital;education;default;balance;housing;loan;contact;day;month;duration;campaign;pdays;previous;poutcome
28;services;single;secondary;no;168;no;no;cellular;1;jun;347;3;140;2;success
70;retired;married;primary;no;2346;no;no;cellular;1;jun;421;1;97;6;success
51;management;married;tertiary;no;176;yes;yes;unknown;1;jun;8;1;687;2;failure
21;student;single;unknown;no;200;no;no;unknown;1;jun;8;1;-1;0;unknown
44;unemployed;married;secondary;no;317;yes;yes;unknown;1;jun;4;1;-1;0;unknown
31;management;single;tertiary;no;515;no;no;cellular;1;jun;296;5;-1;0;unknown
28;management;single;tertiary;no;223;yes;no;cellular;1;jun;303;1;278;3;success
28;blue-collar;single;secondary;no;75;no;no;unknown;1;jun;7;1;-1;0;unknown
32;management;married;tertiary;no;1402;no;no;unknown;1;jun;52;1;557;2;failure
45;management;divorced;tertiary;no;0;no;no;unknown;1;jun;5;1;-1;0;unknown
36;self-employed;single;tertiary;no;134;no;yes;unknown;1;jun;36;1;-1;0;unknown
34;technician;single;secondary;no;1087;no;no;unknown;1;jun;7;1;-1;0;unknown
29;blue-collar;married;secondary;no;3310;no;no;cellular;2;jun;344;2;117;2;failure
49;admin.;single;tertiary;no;228;yes;no;cellular;2;jun;407;1;92;1;success
27;blue-collar;single;tertiary;no;644;no;no;cellular;2;jun;657;1;182;1;success
28;admin.;married;secondary;no;330;no;no;cellular;2;jun;226;2;182;4;success
37;admin.;divorced;tertiary;no;4708;no;no;cellular;2;jun;238;1;181;2;success
54;management;divorced;tertiary;no;496;no;no;cellular;2;jun;161;1;140;3;success
65;admin.;married;secondary;no;952;no;no;cellular;2;jun;310;1;-1;0;unknown
31;technician;single;secondary;no;90;no;yes;unknown;4;jun;35;1;-1;0;unknown
27;blue-collar;single;primary;no;268;no;no;unknown;4;jun;32;1;-1;0;unknown
62;management;married;tertiary;no;5008;no;no;telephone;4;jun;139;2;-1;0;unknown
30;technician;single;secondary;no;1165;no;no;cellular;4;jun;204;2;183;3;success
39;housemaid;divorced;secondary;no;70;no;no;cellular;4;jun;346;2;128;8;success
26;technician;single;tertiary;no;1066;no;no;cellular;4;jun;112;1;50;1;success
62;management;married;tertiary;no;0;yes;yes;cellular;4;jun;106;1;64;3;failure
30;management;married;tertiary;no;1288;no;no;unknown;7;jun;6;1;-1;0;unknown
33;technician;single;tertiary;no;172;no;no;unknown;7;jun;13;1;-1;0;unknown
51;management;married;tertiary;no;0;no;no;unknown;7;jun;302;1;-1;0;unknown
56;admin.;married;secondary;no;699;no;no;unknown;7;jun;54;1;-1;0;unknown
22;services;single;secondary;no;361;no;no;telephone;7;jun;140;4;367;2;failure
68;retired;married;unknown;no;3701;no;no;telephone;8;jun;149;1;-1;0;unknown
38;admin.;married;secondary;no;0;yes;no;cellular;8;jun;187;1;181;2;success
36;technician;divorced;secondary;no;2823;yes;no;cellular;8;jun;215;1;371;6;failure
35;management;single;tertiary;no;3544;yes;no;cellular;8;jun;380;1;-1;0;unknown
23;student;single;tertiary;no;508;no;no;cellular;8;jun;544;1;-1;0;unknown
63;retired;divorced;secondary;no;1490;no;no;cellular;8;jun;506;1;-1;0;unknown
39;services;married;secondary;no;1970;yes;no;unknown;8;jun;30;1;404;2;success
59;blue-collar;married;secondary;no;448;no;no;unknown;8;jun;198;1;651;7;other
34;admin.;married;secondary;no;592;yes;no;unknown;8;jun;49;1;-1;0;unknown
49;management;divorced;tertiary;no;1405;no;no;unknown;8;jun;29;1;-1;0;unknown
59;management;married;tertiary;no;101;no;yes;unknown;9;jun;29;1;686;2;failure
63;retired;married;primary;no;48;no;no;cellular;9;jun;251;1;-1;0;unknown
34;management;married;tertiary;no;158;no;no;cellular;9;jun;190;1;92;9;success
36;services;married;secondary;no;4721;no;no;cellular;9;jun;150;1;92;5;success
31;management;married;tertiary;no;877;no;no;cellular;9;jun;192;1;93;7;other
28;management;single;tertiary;no;187;no;no;cellular;9;jun;206;1;92;1;success
80;retired;married;secondary;no;8304;no;no;telephone;9;jun;712;1;64;12;failure
39;blue-collar;married;secondary;no;276;no;no;cellular;9;jun;334;2;-1;0;unknown
34;services;divorced;secondary;no;44;no;no;unknown;9;jun;118;1;-1;0;unknown
83;retired;married;tertiary;no;4761;no;no;telephone;9;jun;294;2;93;1;success
31;management;single;tertiary;no;147;no;no;cellular;9;jun;163;2;92;3;success
39;services;married;secondary;no;323;no;no;cellular;9;jun;874;2;188;6;failure
50;admin.;married;secondary;no;2971;no;no;cellular;9;jun;722;2;-1;0;unknown
27;admin.;single;secondary;no;240;yes;yes;unknown;9;jun;46;1;-1;0;unknown
50;technician;single;tertiary;no;2;no;no;unknown;10;jun;2389;1;-1;0;unknown
30;blue-collar;single;secondary;no;799;no;no;unknown;13;jun;674;1;-1;0;unknown
73;retired;married;primary;no;508;no;no;cellular;14;jun;154;4;97;1;success
67;retired;married;unknown;no;2540;no;no;telephone;14;jun;278;5;116;4;other
29;blue-collar;single;secondary;no;322;no;no;unknown;14;jun;434;1;96;6;other
36;management;married;tertiary;no;495;no;no;cellular;14;jun;187;1;94;9;success
24;student;single;unknown;no;358;no;no;cellular;14;jun;245;1;384;1;other
58;management;married;tertiary;no;256;no;no;cellular;14;jun;508;1;186;4;success
30;technician;single;secondary;no;2371;no;no;cellular;14;jun;661;1;384;2;other
21;student;single;unknown;no;53;no;no;cellular;14;jun;270;1;-1;0;unknown
27;admin.;single;unknown;no;861;no;no;cellular;14;jun;212;4;-1;0;unknown
56;admin.;married;secondary;no;602;no;no;cellular;14;jun;458;1;130;8;success
66;admin.;married;secondary;no;4041;no;no;cellular;14;jun;713;2;-1;0;unknown
28;unemployed;single;secondary;no;304;no;no;cellular;14;jun;516;1;-1;0;unknown
71;retired;divorced;primary;no;275;no;no;cellular;14;jun;293;1;425;1;success
26;services;single;tertiary;no;12;no;no;cellular;14;jun;563;1;181;10;failure
30;unemployed;single;tertiary;no;4082;no;no;telephone;14;jun;215;1;459;17;other
30;admin.;married;secondary;no;166;no;no;unknown;14;jun;30;1;-1;0;unknown
31;management;married;tertiary;no;1126;no;no;unknown;14;jun;20;1;-1;0;unknown
31;management;single;tertiary;no;938;no;no;cellular;14;jun;472;1;384;3;failure
31;management;single;tertiary;no;4533;no;no;cellular;14;jun;262;3;98;3;other
62;retired;married;primary;no;1742;no;no;cellular;14;jun;167;2;98;6;other
32;self-employed;single;tertiary;no;46;yes;no;cellular;14;jun;485;2;-1;0;unknown
68;retired;divorced;primary;no;2027;no;no;cellular;15;jun;619;2;92;2;success
37;admin.;married;tertiary;no;3221;no;no;cellular;15;jun;379;2;376;13;other
27;management;single;tertiary;no;1720;no;no;cellular;15;jun;910;1;224;3;success
59;retired;divorced;primary;no;1194;yes;no;cellular;15;jun;132;4;389;2;failure
35;technician;married;secondary;no;294;yes;no;cellular;15;jun;238;6;98;5;success
45;technician;single;tertiary;no;2033;no;no;cellular;15;jun;243;5;285;2;success
51;admin.;married;tertiary;no;0;yes;yes;cellular;15;jun;177;4;99;2;success
76;self-employed;married;unknown;no;4984;no;no;telephone;15;jun;126;3;48;2;success
27;management;single;tertiary;no;2786;no;no;cellular;15;jun;270;2;377;3;success
64;retired;married;secondary;no;3189;no;no;telephone;15;jun;208;1;-1;0;unknown
28;management;single;tertiary;no;2725;no;no;cellular;16;jun;292;1;504;1;failure
48;technician;divorced;secondary;no;1290;no;no;unknown;16;jun;58;1;-1;0;unknown
38;student;divorced;tertiary;no;2946;no;no;cellular;16;jun;605;3;-1;0;unknown
66;housemaid;married;primary;no;1230;no;no;cellular;16;jun;288;6;181;3;success
30;management;single;tertiary;no;572;no;no;cellular;17;jun;339;3;183;2;success
38;blue-collar;married;primary;no;1630;yes;no;cellular;17;jun;101;3;94;19;other
39;technician;single;secondary;no;1435;no;no;cellular;17;jun;383;1;296;19;other
24;technician;single;secondary;no;403;no;no;unknown;17;jun;247;1;-1;0;unknown
30;services;divorced;secondary;no;436;yes;no;cellular;17;jun;1720;1;-1;0;unknown
24;unemployed;married;secondary;no;6;no;no;unknown;17;jun;21;1;-1;0;unknown
75;retired;married;primary;no;962;no;no;cellular;17;jun;344;1;-1;0;unknown
63;retired;married;secondary;no;23047;no;no;cellular;17;jun;530;1;139;2;other
49;technician;married;tertiary;no;1071;no;no;cellular;17;jun;169;1;-1;0;unknown
34;management;married;tertiary;no;3301;yes;no;cellular;17;jun;485;2;227;4;failure
36;admin.;married;secondary;no;1031;no;no;cellular;17;jun;282;4;-1;0;unknown
46;blue-collar;married;secondary;no;1723;no;no;cellular;17;jun;176;2;52;7;failure
32;technician;single;tertiary;no;705;no;no;cellular;17;jun;544;1;-1;0;unknown
52;blue-collar;married;secondary;no;955;no;yes;cellular;17;jun;301;2;134;4;success
53;entrepreneur;married;tertiary;no;1961;no;no;cellular;18;jun;91;2;185;1;success
71;retired;married;secondary;no;29941;no;no;telephone;18;jun;80;1;71;3;other
25;blue-collar;single;secondary;no;303;no;no;cellular;18;jun;252;1;92;1;success
60;management;married;primary;no;8334;no;no;cellular;18;jun;143;1;49;7;other
29;management;single;tertiary;no;1431;no;no;cellular;18;jun;201;4;-1;0;unknown
50;admin.;married;secondary;no;100;yes;no;unknown;18;jun;23;1;-1;0;unknown
20;student;single;secondary;no;153;no;no;unknown;21;jun;100;1;-1;0;unknown
46;services;married;secondary;no;0;yes;no;cellular;22;jun;154;1;124;1;other
61;retired;married;secondary;no;2011;no;no;cellular;22;jun;292;1;578;2;failure
57;management;divorced;tertiary;no;3287;no;no;cellular;22;jun;867;1;84;3;success
32;admin.;single;secondary;no;131;yes;no;cellular;22;jun;522;1;183;2;success
52;management;married;unknown;no;1708;no;no;telephone;23;jun;193;1;145;3;failure
32;management;married;tertiary;no;913;yes;no;cellular;23;jun;883;1;674;4;failure
64;retired;divorced;primary;no;109;no;no;cellular;23;jun;706;1;225;2;success
33;management;single;tertiary;no;224;no;no;cellular;23;jun;342;2;107;2;success
30;blue-collar;single;secondary;no;315;no;no;cellular;23;jun;1407;1;-1;0;unknown
36;management;single;tertiary;no;538;no;no;cellular;23;jun;339;1;183;5;success
32;technician;married;tertiary;no;903;yes;no;cellular;23;jun;181;1;320;1;other
59;management;married;tertiary;no;5397;no;no;cellular;23;jun;671;3;-1;0;unknown
34;student;single;unknown;no;5969;no;no;cellular;23;jun;442;2;292;10;failure
25;student;single;secondary;no;1957;no;no;cellular;24;jun;1207;4;385;1;failure
43;services;married;secondary;no;774;no;no;cellular;24;jun;482;1;91;2;success
75;retired;married;secondary;no;468;no;no;telephone;24;jun;316;1;-1;0;unknown
37;self-employed;single;tertiary;no;1188;no;no;cellular;24;jun;310;1;-1;0;unknown
24;student;single;unknown;no;1082;no;no;cellular;24;jun;185;1;-1;0;unknown
35;management;married;tertiary;no;1870;yes;no;cellular;24;jun;134;1;386;1;failure
30;technician;single;secondary;no;254;yes;yes;cellular;24;jun;167;3;416;2;unknown
27;management;single;tertiary;no;6791;no;no;cellular;24;jun;136;5;94;30;failure
31;technician;married;tertiary;no;3338;yes;no;cellular;24;jun;122;2;185;2;success
21;student;single;unknown;no;762;no;no;cellular;24;jun;288;1;-1;0;unknown
40;technician;married;secondary;no;697;no;no;cellular;24;jun;220;2;219;2;other
53;blue-collar;married;unknown;no;960;no;yes;unknown;24;jun;180;1;687;2;other
37;admin.;divorced;secondary;no;450;yes;yes;unknown;24;jun;15;1;-1;0;unknown
37;admin.;single;secondary;no;16;no;no;unknown;24;jun;11;1;-1;0;unknown
26;student;single;secondary;no;696;no;no;unknown;24;jun;22;1;-1;0;unknown
46;blue-collar;married;primary;no;67;no;no;unknown;24;jun;9;1;-1;0;unknown
49;management;married;tertiary;no;1167;yes;yes;cellular;25;jun;213;6;150;8;failure
42;technician;divorced;tertiary;no;2611;yes;no;cellular;25;jun;300;1;389;3;failure
27;blue-collar;single;secondary;no;3145;no;no;cellular;25;jun;374;1;179;2;success
57;unemployed;married;secondary;no;1350;no;no;cellular;25;jun;131;1;388;1;failure
30;technician;single;secondary;no;938;no;no;cellular;25;jun;171;1;141;3;other
45;technician;married;tertiary;no;1818;yes;yes;cellular;25;jun;427;1;142;5;success
57;technician;married;secondary;no;363;no;no;cellular;25;jun;195;6;-1;0;unknown
33;management;single;tertiary;no;794;no;no;unknown;25;jun;12;1;-1;0;unknown
29;technician;single;secondary;no;825;no;no;cellular;25;jun;472;2;-1;0;unknown
27;student;single;secondary;no;833;no;no;telephone;25;jun;359;5;-1;0;unknown
37;technician;married;tertiary;no;122;no;no;cellular;25;jun;266;2;318;3;other
30;blue-collar;single;primary;no;185;no;no;unknown;26;jun;11;1;-1;0;unknown
35;management;married;tertiary;no;358;no;no;unknown;27;jun;18;1;-1;0;unknown
34;services;married;unknown;no;746;no;no;unknown;27;jun;32;1;-1;0;unknown
72;retired;married;primary;no;0;no;no;cellular;28;jun;348;6;94;6;failure
31;services;single;secondary;no;334;no;no;unknown;28;jun;54;1;-1;0;unknown
47;management;single;tertiary;no;334;yes;no;cellular;28;jun;614;3;94;9;success
38;management;single;tertiary;no;623;no;no;cellular;28;jun;297;4;144;4;other
48;management;single;tertiary;no;86;no;no;cellular;28;jun;281;3;186;6;other
36;management;married;tertiary;no;1790;yes;no;cellular;28;jun;132;3;392;2;other
55;housemaid;divorced;primary;no;976;no;no;cellular;28;jun;345;1;94;3;other
39;technician;single;tertiary;no;393;no;no;cellular;28;jun;325;1;94;1;success
49;admin.;single;secondary;no;293;no;no;cellular;28;jun;452;1;-1;0;unknown
26;management;single;tertiary;no;222;no;no;cellular;28;jun;247;1;63;2;success
37;services;single;secondary;no;23;yes;no;cellular;28;jun;197;1;182;1;failure
68;retired;divorced;primary;no;476;no;no;telephone;28;jun;363;1;-1;0;unknown
31;student;single;tertiary;no;4951;no;no;cellular;28;jun;150;3;-1;0;unknown
22;student;single;secondary;no;10971;no;no;cellular;28;jun;181;2;-1;0;unknown
45;management;married;unknown;no;2724;no;no;cellular;28;jun;359;2;182;1;success
57;unknown;married;primary;no;1884;no;no;telephone;28;jun;133;4;-1;0;unknown
67;retired;married;primary;no;2391;no;no;cellular;28;jun;737;6;186;10;other
22;housemaid;single;secondary;no;1796;no;no;cellular;28;jun;369;3;-1;0;unknown
60;retired;married;secondary;no;11;no;no;cellular;29;jun;265;1;586;2;failure
31;blue-collar;single;secondary;no;54;yes;no;cellular;29;jun;401;1;-1;0;unknown
60;retired;married;secondary;no;2060;no;no;cellular;29;jun;135;4;95;4;failure
58;blue-collar;married;primary;no;3109;no;no;cellular;29;jun;295;1;287;4;success
41;admin.;married;secondary;no;3126;yes;no;cellular;29;jun;222;1;91;7;failure
47;admin.;married;secondary;no;0;no;yes;cellular;29;jun;238;1;139;4;failure
23;services;single;secondary;no;488;no;no;cellular;29;jun;205;1;91;3;success
30;student;single;secondary;no;314;no;no;cellular;29;jun;189;1;204;6;success
39;management;married;tertiary;no;2939;no;no;cellular;29;jun;385;1;165;2;success
35;unemployed;married;secondary;no;978;no;no;cellular;29;jun;660;2;182;6;success
33;management;single;tertiary;no;718;yes;no;cellular;29;jun;271;1;84;3;success
29;student;single;secondary;no;808;no;no;cellular;29;jun;189;1;362;1;other
33;management;single;tertiary;no;3143;no;no;cellular;29;jun;421;2;-1;0;unknown
45;technician;married;tertiary;no;2699;yes;no;cellular;29;jun;264;4;-1;0;unknown
50;technician;married;tertiary;no;5114;no;no;telephone;29;jun;286;2;153;2;other
32;technician;divorced;tertiary;no;3255;no;no;cellular;29;jun;167;2;-1;0;unknown
44;blue-collar;single;secondary;no;276;yes;no;unknown;29;jun;13;1;411;6;failure
27;student;single;secondary;no;1423;no;no;unknown;29;jun;8;1;-1;0;unknown
31;management;single;tertiary;no;1539;yes;no;cellular;30;jun;107;2;756;2;other
32;student;single;tertiary;no;64;no;no;cellular;30;jun;598;4;105;5;failure
33;technician;single;secondary;no;555;no;no;cellular;30;jun;255;2;-1;0;unknown
48;admin.;single;secondary;no;1544;yes;no;telephone;30;jun;263;1;450;2;failure
19;student;single;secondary;no;424;no;no;cellular;30;jun;121;3;195;2;other
41;admin.;single;secondary;no;985;yes;no;cellular;30;jun;274;2;391;11;success
49;housemaid;married;primary;no;360;no;no;unknown;30;jun;6;1;-1;0;unknown
77;retired;married;tertiary;no;1047;no;no;cellular;30;jun;108;5;-1;0;unknown
43;management;single;tertiary;no;0;no;no;cellular;30;jun;275;2;296;1;failure
32;technician;single;tertiary;no;4071;no;no;cellular;30;jun;319;2;-1;0;unknown
39;technician;married;secondary;no;4861;yes;no;telephone;30;jun;119;1;183;2;other
21;student;single;secondary;no;2488;no;no;cellular;30;jun;258;6;169;3;success
74;retired;divorced;primary;no;29080;no;no;cellular;30;jun;301;5;93;4;other
72;retired;single;tertiary;no;1285;no;no;telephone;1;jul;494;4;150;9;failure
39;blue-collar;married;primary;no;1;yes;no;unknown;1;jul;165;1;745;2;failure
29;services;single;secondary;no;0;no;no;unknown;1;jul;12;1;514;3;failure
52;management;divorced;tertiary;no;3;no;no;unknown;1;jul;28;1;-1;0;unknown
42;technician;married;secondary;no;2152;no;no;cellular;1;jul;113;2;93;4;failure
32;management;single;tertiary;no;12569;no;no;cellular;1;jul;561;2;295;2;success
63;retired;married;secondary;no;2896;no;no;cellular;1;jul;304;1;119;2;success
19;student;single;secondary;no;526;no;no;cellular;1;jul;174;1;199;3;failure
37;blue-collar;married;secondary;no;195;yes;no;unknown;1;jul;10;1;-1;0;unknown
29;self-employed;single;tertiary;no;805;no;no;cellular;1;jul;302;2;128;8;success
53;services;divorced;secondary;no;36;yes;yes;unknown;2;jul;25;1;417;1;success
34;self-employed;single;tertiary;no;0;yes;no;unknown;2;jul;48;1;422;1;success
28;student;single;secondary;no;196;no;no;cellular;2;jul;423;3;-1;0;unknown
35;blue-collar;married;secondary;no;262;no;no;cellular;2;jul;96;2;109;4;success
31;services;single;secondary;no;1027;no;no;cellular;2;jul;217;3;-1;0;unknown
67;retired;married;tertiary;no;1948;no;no;cellular;2;jul;844;2;155;5;success
43;technician;divorced;unknown;no;4389;no;no;telephone;2;jul;632;2;85;1;success
32;self-employed;single;tertiary;no;4024;yes;no;cellular;2;jul;150;1;-1;0;unknown
26;blue-collar;single;secondary;no;463;no;yes;cellular;2;jul;248;2;-1;0;unknown
31;student;single;secondary;no;3511;no;no;cellular;2;jul;667;1;-1;0;unknown
45;management;married;secondary;no;2897;no;no;cellular;2;jul;301;2;88;5;failure
39;management;divorced;tertiary;no;224;no;no;cellular;2;jul;194;2;88;1;success
56;blue-collar;married;primary;no;1014;no;no;unknown;2;jul;5;1;-1;0;unknown
35;self-employed;single;tertiary;no;398;no;no;cellular;5;jul;101;3;-1;0;unknown
29;technician;single;secondary;no;738;no;no;unknown;5;jul;29;1;-1;0;unknown
32;student;single;secondary;no;61;no;yes;cellular;5;jul;178;3;515;7;failure
28;services;single;secondary;no;198;no;no;cellular;5;jul;128;2;-1;0;unknown
32;blue-collar;single;secondary;no;1029;no;no;cellular;5;jul;175;4;-1;0;unknown
30;technician;single;tertiary;no;0;yes;no;cellular;5;jul;140;1;424;8;success
65;retired;divorced;secondary;no;744;no;no;cellular;5;jul;182;1;-1;0;unknown
24;admin.;single;tertiary;no;674;yes;no;cellular;6;jul;267;1;-1;0;unknown
32;management;single;tertiary;no;623;no;no;cellular;6;jul;335;3;194;2;failure
29;management;single;unknown;no;560;no;no;cellular;6;jul;212;1;92;2;success
50;technician;married;tertiary;no;0;no;yes;cellular;6;jul;257;1;85;7;failure
46;management;divorced;tertiary;no;558;no;no;cellular;6;jul;319;1;-1;0;unknown
30;management;married;tertiary;no;69;yes;no;unknown;6;jul;42;1;-1;0;unknown
60;technician;married;secondary;no;259;no;no;cellular;6;jul;396;1;386;2;success
33;blue-collar;single;secondary;no;688;no;no;unknown;6;jul;226;1;-1;0;unknown
37;technician;married;secondary;no;432;yes;no;cellular;6;jul;386;3;776;55;failure
60;management;divorced;primary;no;2694;no;no;telephone;6;jul;295;1;-1;0;unknown
43;technician;married;secondary;no;69;yes;yes;cellular;7;jul;156;1;260;2;failure
48;management;single;tertiary;no;159;no;no;telephone;7;jul;229;1;251;6;success
52;services;married;secondary;no;657;no;no;telephone;7;jul;398;2;460;2;failure
29;management;single;tertiary;no;1808;no;no;cellular;7;jul;273;2;433;1;success
71;retired;divorced;unknown;no;392;no;no;telephone;7;jul;276;2;-1;0;unknown
42;management;married;tertiary;no;298;no;no;cellular;8;jul;214;4;115;6;failure
47;management;single;tertiary;no;6651;no;no;cellular;8;jul;229;1;412;2;failure
70;retired;married;primary;no;2795;no;no;cellular;8;jul;480;1;181;2;success
28;management;single;tertiary;yes;1414;yes;no;cellular;8;jul;294;1;521;1;failure
70;retired;divorced;secondary;no;4572;no;no;cellular;8;jul;173;11;162;5;failure
31;self-employed;married;tertiary;no;2666;no;no;telephone;8;jul;411;2;148;9;other
80;retired;married;secondary;no;668;no;no;telephone;8;jul;250;1;371;1;success
29;management;single;tertiary;no;502;no;no;cellular;8;jul;968;1;87;5;failure
29;admin.;single;secondary;no;1992;no;no;cellular;8;jul;202;1;87;2;failure
23;student;single;secondary;no;1809;no;no;cellular;8;jul;414;2;-1;0;unknown
34;services;single;secondary;no;267;no;no;cellular;8;jul;449;2;-1;0;unknown
38;management;married;tertiary;no;2656;no;no;cellular;8;jul;230;2;-1;0;unknown
69;retired;married;secondary;no;2473;no;no;cellular;8;jul;967;3;-1;0;unknown
79;retired;divorced;unknown;no;2628;no;no;telephone;8;jul;220;7;450;2;failure
19;student;single;secondary;no;372;no;no;telephone;8;jul;444;3;-1;0;unknown
59;management;married;secondary;no;111;no;no;telephone;8;jul;312;2;381;3;failure
27;admin.;single;secondary;no;914;no;no;cellular;8;jul;131;2;-1;0;unknown
35;blue-collar;single;unknown;no;484;no;no;cellular;8;jul;344;1;87;3;failure
38;admin.;married;secondary;no;1767;yes;no;cellular;9;jul;483;4;239;7;success
32;technician;single;unknown;no;491;no;no;cellular;9;jul;474;7;-1;0;unknown
36;technician;single;secondary;no;966;no;no;cellular;9;jul;119;9;367;4;other
43;self-employed;married;tertiary;no;2501;no;no;cellular;9;jul;582;2;161;4;failure
29;management;single;secondary;no;966;no;no;cellular;9;jul;1185;1;396;2;other
26;student;single;secondary;no;1164;no;no;cellular;9;jul;116;1;301;1;other
50;unknown;married;unknown;no;558;no;no;cellular;9;jul;464;1;683;6;failure
27;student;divorced;unknown;no;383;no;no;unknown;9;jul;15;1;-1;0;unknown
29;student;married;unknown;no;2229;no;no;unknown;9;jul;25;1;252;1;other
27;technician;single;secondary;no;337;no;no;unknown;9;jul;23;1;-1;0;unknown
53;admin.;single;secondary;no;654;no;no;unknown;10;jul;67;1;-1;0;unknown
40;admin.;married;secondary;no;457;no;no;unknown;12;jul;9;1;-1;0;unknown
35;admin.;single;tertiary;no;170;no;no;unknown;12;jul;12;1;-1;0;unknown
74;retired;married;primary;no;5539;no;no;cellular;12;jul;390;2;159;3;failure
27;unemployed;single;tertiary;no;77;no;no;cellular;12;jul;305;4;77;1;success
35;self-employed;married;tertiary;no;2427;no;no;cellular;12;jul;210;3;158;7;other
50;entrepreneur;divorced;tertiary;no;315;no;no;cellular;12;jul;101;2;185;2;failure
27;management;single;secondary;no;843;no;no;cellular;12;jul;123;2;185;1;success
66;retired;divorced;unknown;no;53;no;no;cellular;12;jul;562;4;-1;0;unknown
43;admin.;single;secondary;no;386;no;no;cellular;12;jul;220;3;529;1;failure
25;management;single;tertiary;no;380;no;no;cellular;12;jul;167;1;-1;0;unknown
20;student;single;primary;no;134;no;no;cellular;12;jul;273;1;277;3;other
30;self-employed;single;tertiary;no;251;no;no;cellular;12;jul;537;1;-1;0;unknown
29;services;single;secondary;no;102;no;no;cellular;12;jul;154;1;182;5;failure
57;retired;married;secondary;no;1044;no;no;telephone;12;jul;567;1;182;3;success
72;retired;divorced;tertiary;no;402;no;no;cellular;12;jul;194;3;-1;0;unknown
36;management;married;tertiary;no;93;no;no;cellular;12;jul;262;2;182;7;failure
31;management;single;tertiary;no;2907;yes;no;cellular;12;jul;248;1;194;3;failure
55;unknown;married;secondary;no;1157;no;no;cellular;12;jul;289;1;412;2;failure
72;admin.;married;primary;no;2321;no;no;cellular;12;jul;200;6;122;6;other
47;admin.;single;secondary;no;3696;no;no;cellular;12;jul;250;2;181;4;success
80;retired;married;primary;no;1468;no;no;cellular;13;jul;256;2;181;3;success
65;retired;divorced;secondary;no;828;no;no;cellular;13;jul;305;1;-1;0;unknown
30;student;single;secondary;no;459;no;no;cellular;13;jul;98;2;210;22;success
25;blue-collar;single;secondary;no;1857;yes;no;cellular;13;jul;195;2;91;10;success
33;management;single;tertiary;no;1962;no;no;cellular;13;jul;363;1;181;1;failure
29;self-employed;single;tertiary;no;1579;no;no;cellular;13;jul;178;1;181;4;success
79;retired;divorced;primary;no;2787;no;no;telephone;13;jul;617;1;377;1;success
24;student;single;secondary;no;1123;no;no;cellular;13;jul;475;1;412;1;other
27;technician;single;secondary;no;643;no;no;cellular;13;jul;317;1;-1;0;unknown
63;retired;married;tertiary;no;4692;yes;no;cellular;13;jul;88;1;181;2;failure
36;management;single;unknown;no;62;no;no;cellular;13;jul;311;1;91;2;success
38;self-employed;divorced;tertiary;no;6447;no;no;cellular;13;jul;316;3;182;1;failure
31;unemployed;married;tertiary;no;330;no;no;cellular;13;jul;309;1;181;3;success
22;student;single;secondary;no;71;no;no;cellular;13;jul;337;1;181;2;success
36;services;married;unknown;no;618;no;no;cellular;13;jul;360;1;335;2;success
40;management;married;tertiary;no;4539;no;no;cellular;13;jul;256;3;439;1;failure
25;technician;single;tertiary;yes;160;no;yes;unknown;13;jul;151;1;-1;0;unknown
31;technician;married;tertiary;no;2166;no;no;cellular;13;jul;577;6;182;2;success
26;blue-collar;single;secondary;no;2007;no;no;cellular;13;jul;272;3;182;2;success
51;management;married;tertiary;no;3463;no;yes;cellular;13;jul;371;2;166;3;other
27;admin.;single;tertiary;no;4738;no;no;cellular;13;jul;752;1;-1;0;unknown
46;admin.;divorced;secondary;no;99;no;no;unknown;14;jul;18;1;-1;0;unknown
70;retired;divorced;primary;no;482;no;no;telephone;14;jul;413;1;181;3;success
24;student;single;primary;no;1235;no;no;cellular;14;jul;334;4;93;6;other
23;student;single;secondary;no;1298;no;no;cellular;14;jul;603;1;-1;0;unknown
41;technician;single;secondary;no;5329;no;no;cellular;14;jul;397;2;-1;0;unknown
53;technician;married;primary;no;6181;no;no;cellular;14;jul;817;2;209;3;other
30;technician;single;secondary;no;1112;no;no;cellular;14;jul;133;3;-1;0;unknown
86;retired;married;primary;no;1255;no;no;telephone;14;jul;247;1;180;3;success
30;blue-collar;single;secondary;no;180;no;no;cellular;14;jul;203;1;183;2;failure
27;student;single;unknown;no;132;no;no;cellular;14;jul;276;1;-1;0;unknown
34;technician;single;tertiary;no;2733;no;no;cellular;14;jul;604;1;-1;0;unknown
49;services;married;secondary;no;725;no;yes;unknown;14;jul;70;1;-1;0;unknown
68;retired;divorced;secondary;no;4189;no;no;telephone;14;jul;897;2;-1;0;unknown
35;management;married;secondary;no;724;yes;no;cellular;14;jul;287;2;415;1;failure
30;admin.;married;secondary;no;222;no;no;telephone;14;jul;343;9;-1;0;unknown
28;student;single;secondary;no;205;no;no;cellular;14;jul;87;3;184;2;other
56;blue-collar;married;secondary;no;813;yes;yes;unknown;14;jul;71;1;-1;0;unknown
66;retired;married;secondary;no;154;no;no;cellular;15;jul;268;5;181;2;failure
36;blue-collar;single;tertiary;no;1830;no;no;cellular;15;jul;185;5;181;6;failure
30;management;single;tertiary;no;232;no;no;cellular;15;jul;219;1;91;1;success
60;retired;divorced;tertiary;no;979;yes;no;cellular;15;jul;346;1;181;4;success
46;admin.;married;secondary;no;5021;no;no;cellular;15;jul;957;1;182;1;success
47;admin.;married;secondary;no;3676;no;no;cellular;15;jul;415;2;342;1;other
31;technician;single;secondary;no;2544;no;no;cellular;15;jul;252;1;184;3;success
66;retired;married;primary;no;2173;no;no;cellular;15;jul;178;1;181;5;failure
64;housemaid;married;primary;no;768;no;no;cellular;15;jul;250;2;182;1;success
68;retired;married;secondary;no;2469;yes;no;telephone;15;jul;552;2;-1;0;unknown
63;blue-collar;married;secondary;no;180;no;no;cellular;15;jul;390;2;182;5;success
42;unemployed;married;secondary;no;1289;no;no;cellular;15;jul;250;4;415;2;failure
57;blue-collar;married;primary;no;3498;no;no;cellular;15;jul;210;2;456;2;success
29;student;single;secondary;no;658;no;no;cellular;15;jul;198;2;244;4;other
61;retired;married;secondary;no;938;no;no;cellular;15;jul;392;2;183;3;success
24;technician;single;secondary;no;3843;no;no;cellular;15;jul;561;2;-1;0;unknown
45;technician;single;tertiary;no;1591;no;no;cellular;15;jul;392;4;-1;0;unknown
60;services;single;secondary;no;739;no;no;cellular;15;jul;261;1;182;1;success
35;services;married;secondary;no;2918;no;yes;cellular;16;jul;815;2;407;3;success
38;admin.;single;secondary;no;4803;no;no;cellular;16;jul;129;2;182;2;success
58;management;married;tertiary;no;1318;no;no;cellular;16;jul;184;1;179;5;failure
43;unemployed;married;tertiary;no;0;no;no;cellular;16;jul;745;1;281;1;failure
64;retired;married;secondary;no;588;no;no;cellular;16;jul;574;1;179;3;success
26;admin.;married;secondary;no;2469;no;no;cellular;16;jul;136;8;-1;0;unknown
22;student;single;primary;no;423;no;no;cellular;16;jul;316;1;179;10;success
49;blue-collar;married;secondary;no;1946;no;no;cellular;16;jul;486;1;-1;0;unknown
52;technician;married;tertiary;no;2506;no;no;cellular;16;jul;377;1;228;3;failure
46;management;married;secondary;no;766;yes;no;unknown;16;jul;6;1;-1;0;unknown
19;student;single;secondary;no;302;no;no;cellular;16;jul;205;1;-1;0;unknown
41;management;divorced;tertiary;no;4567;yes;yes;cellular;16;jul;106;1;-1;0;unknown
31;management;divorced;tertiary;no;414;no;yes;cellular;16;jul;241;1;-1;0;unknown
37;management;married;tertiary;no;0;no;no;cellular;16;jul;268;2;182;3;success
48;unemployed;married;secondary;no;817;no;no;cellular;16;jul;806;3;183;5;success
36;management;divorced;tertiary;no;649;no;no;cellular;16;jul;237;2;91;1;failure
30;management;single;tertiary;no;1268;no;no;cellular;16;jul;73;4;-1;0;unknown
42;management;divorced;tertiary;no;5037;no;no;cellular;16;jul;100;6;84;14;success
33;technician;married;secondary;no;183;no;no;cellular;16;jul;457;2;182;3;other
30;admin.;married;secondary;no;1081;no;no;cellular;16;jul;222;2;-1;0;unknown
51;admin.;married;secondary;no;423;yes;yes;cellular;16;jul;84;5;183;2;failure
30;self-employed;married;secondary;no;123;no;yes;unknown;17;jul;66;1;85;5;other
32;services;married;primary;no;164;yes;no;unknown;17;jul;19;1;-1;0;unknown
39;blue-collar;married;secondary;no;2467;no;no;cellular;19;jul;207;2;276;3;other
34;technician;married;secondary;no;806;no;no;cellular;19;jul;253;3;458;1;success
46;technician;married;secondary;no;9299;no;no;cellular;19;jul;1148;1;276;2;other
58;blue-collar;divorced;primary;no;1299;no;no;cellular;19;jul;128;2;234;2;failure
42;management;married;unknown;no;1519;no;no;cellular;19;jul;268;1;-1;0;unknown
60;admin.;married;unknown;no;478;no;no;cellular;19;jul;173;2;311;8;failure
36;management;divorced;tertiary;no;1057;no;no;cellular;19;jul;230;2;164;2;failure
32;entrepreneur;married;tertiary;no;762;no;no;cellular;19;jul;187;11;-1;0;unknown
45;management;married;tertiary;no;31472;no;no;cellular;19;jul;568;7;-1;0;unknown
44;management;single;tertiary;no;1090;no;no;cellular;19;jul;204;4;532;2;other
73;retired;married;primary;no;1388;no;no;cellular;20;jul;146;3;190;3;success
46;blue-collar;married;secondary;no;6879;no;no;cellular;20;jul;296;1;281;2;failure
57;retired;married;secondary;no;3738;yes;no;cellular;20;jul;178;2;92;8;failure
35;management;married;tertiary;no;2374;yes;yes;cellular;20;jul;174;2;215;6;other
29;admin.;single;secondary;no;854;no;no;cellular;20;jul;175;5;95;1;other
29;admin.;single;secondary;no;1277;no;no;cellular;20;jul;165;2;481;1;success
35;blue-collar;married;secondary;no;-17;yes;no;unknown;20;jul;7;1;-1;0;unknown
31;unemployed;divorced;tertiary;no;756;no;no;cellular;20;jul;355;2;-1;0;unknown
47;self-employed;married;secondary;no;523;no;no;unknown;20;jul;7;1;-1;0;unknown
41;blue-collar;married;primary;no;178;yes;no;unknown;20;jul;5;1;791;1;failure
29;management;single;tertiary;no;2344;yes;no;cellular;20;jul;288;1;133;2;failure
54;blue-collar;married;secondary;no;1636;no;no;telephone;20;jul;1008;2;-1;0;unknown
27;admin.;single;secondary;no;125;no;no;cellular;21;jul;104;1;288;8;failure
49;management;divorced;tertiary;no;300;no;no;cellular;21;jul;316;1;-1;0;unknown
24;admin.;single;secondary;no;1055;no;no;cellular;21;jul;338;1;-1;0;unknown
35;admin.;single;secondary;no;321;no;no;cellular;21;jul;143;1;412;3;other
24;student;single;secondary;no;1234;no;no;cellular;21;jul;314;1;156;2;success
34;management;divorced;tertiary;no;70;yes;no;unknown;22;jul;5;1;701;6;other
24;admin.;single;secondary;no;1295;no;no;cellular;22;jul;355;2;92;1;success
43;management;married;tertiary;no;839;no;no;cellular;22;jul;942;1;-1;0;unknown
34;unemployed;single;tertiary;no;1974;no;no;cellular;22;jul;355;1;342;3;success
60;unemployed;married;primary;no;0;no;no;cellular;22;jul;1193;1;412;1;other
27;admin.;married;tertiary;no;2855;no;no;cellular;22;jul;138;2;178;4;success
54;management;divorced;tertiary;no;5475;no;no;cellular;22;jul;321;4;-1;0;unknown
38;management;married;tertiary;no;536;yes;no;cellular;22;jul;248;1;-1;0;unknown
39;blue-collar;married;primary;no;558;yes;no;unknown;22;jul;23;1;531;3;failure
41;blue-collar;divorced;secondary;no;663;yes;no;unknown;22;jul;24;1;792;3;other
34;technician;single;secondary;no;1279;yes;no;cellular;22;jul;174;2;160;8;other
93;retired;married;unknown;no;775;no;no;cellular;22;jul;860;2;177;7;success
34;technician;single;secondary;no;1313;no;no;cellular;22;jul;427;2;94;4;failure
42;technician;single;secondary;no;631;no;no;telephone;22;jul;171;2;413;3;failure
36;management;married;tertiary;no;203;no;no;cellular;23;jul;608;3;179;2;success
33;admin.;single;tertiary;no;146;no;no;cellular;23;jul;351;3;-1;0;unknown
37;technician;single;tertiary;no;0;yes;no;cellular;23;jul;366;6;-1;0;unknown
35;management;married;tertiary;no;4124;yes;no;cellular;23;jul;350;2;445;7;other
41;admin.;married;secondary;no;14968;no;no;cellular;23;jul;1360;4;-1;0;unknown
49;admin.;married;secondary;no;197;yes;no;cellular;23;jul;125;1;101;3;success
33;management;single;tertiary;no;307;no;no;cellular;23;jul;113;6;179;4;failure
36;technician;divorced;secondary;no;1451;yes;no;cellular;23;jul;192;4;93;17;other
30;student;single;tertiary;no;3026;no;no;cellular;23;jul;251;1;535;1;failure
41;technician;single;tertiary;no;431;no;no;cellular;23;jul;196;1;88;5;failure
29;management;single;tertiary;no;985;yes;no;cellular;23;jul;396;2;-1;0;unknown
30;services;single;secondary;no;268;no;no;unknown;24;jul;86;1;-1;0;unknown
25;student;married;secondary;no;37;no;no;unknown;24;jul;11;1;-1;0;unknown
28;student;single;secondary;no;2015;no;no;cellular;26;jul;110;2;182;2;failure
82;retired;married;primary;no;243;no;no;cellular;26;jul;275;1;180;2;success
26;student;single;secondary;no;3090;no;no;cellular;26;jul;379;1;339;1;failure
56;retired;married;secondary;no;393;no;yes;cellular;26;jul;183;1;221;2;failure
33;technician;divorced;secondary;no;948;no;no;unknown;26;jul;7;1;-1;0;unknown
38;unemployed;married;secondary;no;995;no;no;unknown;26;jul;84;1;-1;0;unknown
27;technician;single;secondary;no;-69;no;no;unknown;26;jul;4;1;-1;0;unknown
27;management;single;tertiary;no;102;no;no;unknown;26;jul;9;1;-1;0;unknown
45;blue-collar;single;secondary;no;0;yes;no;cellular;26;jul;768;2;91;5;success
37;technician;married;secondary;no;1707;yes;no;cellular;26;jul;546;2;784;3;failure
48;management;married;tertiary;no;612;no;no;cellular;26;jul;86;7;292;1;other
46;admin.;married;unknown;no;5511;no;no;cellular;26;jul;414;2;389;1;success
37;management;married;tertiary;no;387;no;no;cellular;26;jul;128;2;419;1;failure
28;admin.;single;tertiary;no;313;no;yes;cellular;26;jul;461;2;326;4;failure
44;self-employed;divorced;secondary;no;8;no;no;cellular;26;jul;423;4;-1;0;unknown
32;admin.;single;secondary;no;457;no;no;cellular;26;jul;109;3;455;2;failure
40;technician;married;secondary;no;0;yes;yes;cellular;26;jul;105;2;172;1;failure
61;self-employed;married;tertiary;no;10861;no;no;cellular;26;jul;336;2;259;3;success
23;student;single;secondary;no;794;no;no;cellular;26;jul;607;3;171;3;other
69;retired;married;secondary;no;0;no;no;cellular;27;jul;666;1;90;4;success
33;services;single;unknown;no;2297;no;no;cellular;27;jul;527;1;-1;0;unknown
33;management;single;tertiary;no;373;no;yes;cellular;27;jul;267;1;180;4;failure
23;management;single;tertiary;no;1807;no;no;cellular;27;jul;606;1;-1;0;unknown
35;management;married;tertiary;no;775;no;no;unknown;27;jul;9;1;-1;0;unknown
31;services;single;secondary;yes;-248;no;no;unknown;27;jul;5;1;-1;0;unknown
27;services;single;secondary;no;230;no;no;unknown;27;jul;5;1;-1;0;unknown
49;admin.;divorced;secondary;no;1180;no;no;cellular;27;jul;139;2;181;4;success
31;admin.;single;secondary;no;255;no;no;cellular;27;jul;167;2;181;1;success
45;technician;married;secondary;no;2776;yes;no;cellular;27;jul;287;2;181;1;success
61;retired;married;secondary;no;1058;no;no;cellular;27;jul;218;2;91;3;success
41;retired;single;primary;no;2579;no;no;cellular;27;jul;235;1;287;1;failure
49;technician;married;secondary;no;308;no;no;cellular;27;jul;266;5;-1;0;unknown
47;admin.;married;secondary;no;1210;no;no;cellular;27;jul;493;4;-1;0;unknown
46;technician;married;unknown;no;3308;no;no;cellular;28;jul;219;2;-1;0;unknown
40;admin.;married;secondary;no;0;no;no;cellular;28;jul;496;2;182;11;success
55;technician;married;tertiary;no;1320;no;no;cellular;28;jul;340;1;91;2;success
24;student;single;secondary;no;822;no;no;cellular;28;jul;106;2;-1;0;unknown
39;unemployed;married;primary;no;7005;yes;no;cellular;28;jul;429;2;184;3;success
82;housemaid;divorced;primary;no;1381;no;no;cellular;28;jul;844;5;181;4;failure
27;technician;single;secondary;no;204;no;no;cellular;28;jul;471;2;-1;0;unknown
26;technician;married;secondary;no;267;yes;no;cellular;28;jul;817;2;-1;0;unknown
31;management;single;tertiary;no;725;yes;no;cellular;28;jul;211;1;92;2;failure
22;unemployed;single;tertiary;no;993;no;no;cellular;28;jul;115;3;93;1;other
27;student;single;tertiary;no;311;no;no;cellular;28;jul;462;1;148;4;success
32;admin.;married;secondary;no;389;yes;no;cellular;28;jul;129;3;233;3;failure
53;blue-collar;married;primary;no;306;no;no;cellular;28;jul;388;3;181;1;success
54;management;married;tertiary;no;752;no;no;telephone;29;jul;211;5;491;4;other
53;technician;married;tertiary;no;2557;no;no;cellular;29;jul;95;4;182;7;success
29;management;married;tertiary;no;135;no;no;cellular;29;jul;225;4;-1;0;unknown
64;retired;married;secondary;no;1574;no;no;telephone;29;jul;301;3;-1;0;unknown
33;blue-collar;married;secondary;no;0;yes;no;unknown;29;jul;331;1;-1;0;unknown
57;technician;married;tertiary;no;1181;no;no;cellular;29;jul;169;2;182;2;success
31;management;single;tertiary;no;1761;yes;no;telephone;29;jul;332;3;440;3;failure
61;admin.;married;unknown;no;4629;yes;no;cellular;29;jul;349;3;183;2;success
35;unemployed;single;tertiary;no;154;no;no;cellular;29;jul;200;4;181;2;failure
57;unemployed;divorced;secondary;no;1088;no;no;cellular;29;jul;1697;1;-1;0;unknown
77;retired;married;secondary;no;4112;no;no;telephone;29;jul;426;1;184;3;success
36;services;married;secondary;no;11650;yes;no;telephone;29;jul;268;1;-1;0;unknown
32;management;married;tertiary;no;6138;no;no;cellular;29;jul;519;2;90;9;failure
25;services;single;unknown;no;2022;no;no;cellular;29;jul;276;8;97;12;other
61;management;married;unknown;no;264;no;no;telephone;29;jul;270;1;178;1;success
69;retired;single;tertiary;no;2144;no;no;cellular;29;jul;417;1;184;4;success
69;technician;married;tertiary;no;482;no;no;cellular;29;jul;478;1;267;1;failure
29;management;single;tertiary;no;0;no;no;cellular;29;jul;99;6;-1;0;unknown
35;management;single;tertiary;no;2187;yes;no;cellular;29;jul;229;1;174;13;other
47;management;divorced;tertiary;no;-130;yes;no;cellular;30;jul;221;4;431;5;other
30;admin.;single;tertiary;no;8;no;yes;cellular;30;jul;76;2;150;1;failure
28;admin.;single;secondary;no;261;yes;yes;cellular;30;jul;269;7;182;9;success
34;admin.;married;tertiary;no;0;no;no;cellular;30;jul;292;1;183;2;success
71;technician;married;secondary;no;3020;no;no;telephone;30;jul;304;1;270;3;failure
49;retired;married;primary;no;18;no;no;unknown;30;jul;9;1;-1;0;unknown
45;management;single;tertiary;no;4831;no;no;cellular;30;jul;852;3;182;11;success
64;retired;married;primary;no;12067;no;no;telephone;30;jul;367;2;92;2;success
39;entrepreneur;married;secondary;no;689;no;no;cellular;30;jul;240;3;-1;0;unknown
35;technician;single;secondary;no;1227;no;no;cellular;30;jul;1005;5;134;10;success
36;admin.;single;tertiary;no;980;no;no;cellular;30;jul;156;3;179;4;failure
22;student;single;unknown;no;1232;no;no;cellular;30;jul;283;1;430;2;other
27;technician;single;secondary;no;842;no;no;cellular;30;jul;273;1;91;1;other
83;housemaid;divorced;primary;no;5944;no;no;cellular;30;jul;200;3;-1;0;unknown
23;management;single;tertiary;no;906;no;no;cellular;30;jul;160;3;-1;0;unknown
31;services;single;tertiary;no;1626;no;no;unknown;31;jul;15;1;-1;0;unknown
34;unemployed;married;tertiary;no;822;no;no;unknown;1;aug;11;1;-1;0;unknown
35;self-employed;married;tertiary;no;980;no;no;cellular;2;aug;428;2;336;6;failure
80;retired;married;secondary;no;173;no;no;cellular;2;aug;87;3;-1;0;unknown
46;unknown;married;tertiary;no;8564;no;no;cellular;2;aug;397;2;342;1;failure
33;management;married;tertiary;no;643;no;no;cellular;2;aug;203;3;94;1;other
26;technician;single;secondary;no;1873;no;no;cellular;2;aug;1013;3;276;2;other
25;technician;single;secondary;no;31;no;no;cellular;2;aug;300;3;-1;0;unknown
54;services;married;secondary;no;386;yes;no;cellular;2;aug;155;2;-1;0;unknown
34;management;single;tertiary;no;275;no;no;cellular;2;aug;196;2;455;23;other
34;management;married;secondary;no;369;no;no;cellular;2;aug;868;3;342;4;failure
59;technician;single;secondary;no;571;no;yes;unknown;2;aug;25;1;-1;0;unknown
76;housemaid;married;primary;no;1483;no;no;cellular;2;aug;90;4;-1;0;unknown
32;technician;single;tertiary;no;388;no;no;cellular;2;aug;100;8;95;3;success
65;retired;divorced;unknown;no;300;no;no;cellular;2;aug;245;2;-1;0;unknown
37;blue-collar;single;unknown;no;871;yes;no;cellular;2;aug;209;1;542;4;failure
55;technician;married;unknown;no;240;yes;no;cellular;2;aug;108;3;277;1;success
53;admin.;single;secondary;no;2398;yes;no;cellular;2;aug;317;1;180;2;failure
63;management;married;tertiary;no;2785;no;no;cellular;2;aug;341;2;392;3;success
32;unemployed;single;secondary;no;8304;no;no;cellular;2;aug;486;1;286;2;failure
24;student;single;secondary;no;867;no;no;cellular;2;aug;135;7;108;8;other
33;student;single;unknown;no;2321;no;no;cellular;2;aug;308;1;109;4;failure
33;management;married;tertiary;no;7154;no;no;cellular;2;aug;153;4;129;4;other
38;technician;single;tertiary;no;1727;no;no;telephone;2;aug;141;2;185;6;other
37;management;single;tertiary;no;62;yes;no;cellular;2;aug;428;2;272;8;success
30;student;single;secondary;no;3096;no;no;cellular;2;aug;226;3;188;1;failure
36;technician;single;secondary;no;1745;no;no;cellular;2;aug;258;1;-1;0;unknown
29;student;single;secondary;no;1377;yes;no;cellular;3;aug;248;1;446;2;success
29;student;single;tertiary;no;163;no;no;cellular;3;aug;249;1;-1;0;unknown
38;management;married;tertiary;no;1199;no;no;cellular;3;aug;482;1;-1;0;unknown
34;admin.;married;tertiary;no;0;yes;yes;cellular;3;aug;108;2;180;7;failure
62;retired;married;secondary;no;569;no;no;cellular;3;aug;187;2;180;6;success
34;technician;married;secondary;no;0;yes;no;cellular;3;aug;261;1;470;2;failure
56;services;married;secondary;no;1989;no;no;cellular;3;aug;279;4;181;4;success
48;housemaid;single;primary;no;46;no;no;cellular;3;aug;113;2;180;1;failure
33;technician;married;secondary;no;1026;no;no;cellular;3;aug;326;2;340;3;failure
32;admin.;married;secondary;no;200;no;no;cellular;3;aug;172;3;-1;0;unknown
42;management;married;tertiary;no;372;yes;no;cellular;3;aug;654;2;-1;0;unknown
68;retired;married;tertiary;no;2812;no;no;cellular;3;aug;392;4;181;3;success
60;housemaid;married;secondary;no;0;no;no;telephone;3;aug;676;2;181;5;failure
34;admin.;married;tertiary;no;69;no;yes;cellular;3;aug;263;3;251;3;success
43;blue-collar;married;primary;no;2952;no;no;cellular;3;aug;417;2;95;1;other
29;management;married;tertiary;no;198;yes;no;cellular;3;aug;1179;1;-1;0;unknown
62;retired;married;secondary;no;569;no;no;cellular;4;aug;288;1;1;8;success
29;management;married;tertiary;no;198;yes;no;cellular;4;aug;453;1;1;1;failure
68;retired;married;tertiary;no;2812;no;no;cellular;4;aug;651;1;1;7;success
38;management;married;tertiary;no;1199;no;no;cellular;4;aug;178;1;1;1;success
59;unknown;married;unknown;no;1500;no;no;cellular;4;aug;248;1;182;1;other
63;entrepreneur;married;secondary;no;3904;no;no;telephone;4;aug;250;2;187;2;success
48;admin.;married;secondary;no;156;no;no;cellular;4;aug;291;1;-1;0;unknown
30;services;single;tertiary;no;1788;no;no;cellular;4;aug;288;1;181;2;failure
45;admin.;married;secondary;no;205;no;no;cellular;4;aug;180;1;92;3;success
78;retired;married;unknown;no;38;no;no;telephone;4;aug;156;1;1;3;other
59;unemployed;married;secondary;no;1625;no;no;cellular;4;aug;198;1;180;2;success
38;management;married;tertiary;no;238;no;no;cellular;4;aug;139;1;92;3;failure
33;technician;married;secondary;no;1026;no;no;cellular;4;aug;87;1;1;5;failure
49;blue-collar;married;secondary;no;1730;yes;no;cellular;4;aug;605;2;92;4;success
80;retired;married;secondary;no;2354;no;no;telephone;4;aug;199;2;181;3;success
30;housemaid;single;tertiary;no;19;no;no;cellular;4;aug;139;1;92;5;success
35;management;single;tertiary;no;747;no;no;cellular;4;aug;91;1;1;6;other
35;unemployed;single;tertiary;no;415;no;no;cellular;4;aug;462;1;92;4;success
32;management;married;tertiary;no;1812;no;no;cellular;4;aug;296;1;182;4;other
93;retired;married;unknown;no;775;no;no;cellular;4;aug;476;2;13;9;success
60;housemaid;married;secondary;no;0;no;no;telephone;4;aug;153;1;1;7;success
30;admin.;single;secondary;no;3528;no;no;cellular;4;aug;250;1;92;2;failure
42;admin.;married;secondary;no;641;no;no;cellular;4;aug;111;1;1;1;other
33;technician;married;secondary;no;180;no;no;cellular;4;aug;561;1;435;3;failure
48;housemaid;single;primary;no;46;no;no;cellular;4;aug;118;1;1;3;success
38;services;married;secondary;no;4017;no;no;cellular;4;aug;470;1;96;3;success
28;student;single;secondary;no;970;no;no;telephone;4;aug;297;1;-1;0;unknown
34;admin.;married;tertiary;no;69;no;yes;cellular;4;aug;120;3;1;6;success
42;management;married;tertiary;no;372;yes;no;cellular;4;aug;153;3;1;2;success
36;management;married;tertiary;no;1133;yes;no;cellular;4;aug;293;1;181;2;other
50;management;married;tertiary;no;2881;no;no;cellular;5;aug;510;2;2;5;other
34;technician;married;secondary;no;0;yes;no;cellular;5;aug;231;2;2;3;success
34;management;married;tertiary;no;1778;no;no;cellular;5;aug;329;2;181;4;failure
60;services;married;secondary;no;4428;no;no;cellular;5;aug;382;1;97;5;other
34;admin.;married;tertiary;no;79;yes;no;cellular;5;aug;203;1;92;5;success
29;management;single;tertiary;no;437;no;no;cellular;5;aug;504;1;92;1;success
38;technician;married;secondary;no;318;no;no;cellular;5;aug;274;1;182;6;success
53;management;married;tertiary;no;18931;no;no;cellular;5;aug;224;1;86;23;other
41;technician;single;tertiary;no;1646;yes;no;cellular;5;aug;172;3;92;8;success
38;admin.;single;secondary;no;115;no;no;cellular;5;aug;250;3;182;10;failure
45;blue-collar;single;secondary;no;0;no;no;cellular;5;aug;374;2;472;1;success
57;technician;divorced;secondary;no;470;no;no;cellular;5;aug;480;3;-1;0;unknown
53;management;married;tertiary;no;3591;yes;no;cellular;5;aug;306;2;181;2;other
56;management;divorced;tertiary;no;2037;no;no;cellular;5;aug;318;1;91;6;failure
36;services;married;secondary;no;394;no;no;cellular;5;aug;324;1;-1;0;unknown
32;management;single;tertiary;no;1077;no;no;cellular;5;aug;200;1;717;4;failure
33;technician;single;secondary;no;2979;no;no;cellular;5;aug;326;2;437;1;failure
41;management;married;tertiary;no;1092;no;no;cellular;5;aug;736;1;-1;0;unknown
67;retired;divorced;primary;no;1746;no;no;cellular;5;aug;134;1;-1;0;unknown
34;admin.;divorced;secondary;no;661;yes;no;cellular;5;aug;245;2;183;10;failure
45;management;married;tertiary;no;2077;no;no;cellular;5;aug;163;1;-1;0;unknown
